Workbook

Sheet Total Reduction 
A1: The Plastics Challenge
B3: The five biggest plastic products are as follows:
B28: 50% plastic reduction, cost-neutral
B33: Clinical Waste Bins
B36: STEP 1: | C36: Optimize 50% of the Sizes
D38: Total Plastic Weight: | F38: ='Total reduction visuals'!N8 -> 1
D39: Total Financial Cost: | F39: ='Total reduction visuals'!N9 -> 1
B41: STEP 2: | C41: Reduction 20%
D43: Total Plastic Weight: | F43: ='Total reduction visuals'!N13 -> 1
D44: Total Financial Cost: | F44: ='Total reduction visuals'!N14 -> 1
B46: STEP 3: | C46: Substitute to WS 100%
D48: Total Plastic Weight: | F48: ='Total reduction visuals'!N18 -> 1
D49: Total Financial Cost: | F49: ='Total reduction visuals'!N19 -> 1
B51: Gloves
B54: STEP 1: | C54: Change from 6g to 4g Gloves
D56: Total Plastic Weight: | F56: ='Total reduction visuals'!N25 -> 1
D57: Total Financial Cost: | F57: ='Total reduction visuals'!N26 -> 1
B59: STEP 2: | C59: Reduse 20%
D61: Total Plastic Weight: | F61: ='Total reduction visuals'!N30 -> 1
D62: Total Financial Cost: | F62: ='Total reduction visuals'!N31 -> 1

Sheet Workshop Uppsala
A1: The Plastics Challenge
C7: Genom att optimera vilka storlekar av riskavfallskärl som köps in kan både plasten och kostnaderna per liter avfall minska.
C12: Optimera storlekarna
D15: 2L till 12L | H15: 3L till 12L | L15: 25L till 50L
D17: 0 | H17: 0 | L17: 0
C21: Resultat
C22: Total Plastic Weight: | F22: ='Total reduction visuals'!N8 -> 1 | I22: Total Financial Cost: | L22: ='Total reduction visuals'!N9 -> 1
C26: En noggrannare sortering av riskavfall och icke-riskavfall kan bidra till att en mindre mängd riskavfallskärl används. Därmed minskar även den plast och de kostnader som följer.
C33: Sortering
E36: Andel som kan sorteras bort från riskavfallskärlen
E38: 0
C42: Resultat
C43: Total Plastic Weight: | F43: ='Total reduction visuals'!N13 -> 1 | I43: Total Financial Cost: | L43: ='Total reduction visuals'!N14 -> 1
C48: En substitution till mer miljövänliga alternativ, såsom WoodSafe, kan minska plasten i kärl med 80%.
C53: Substitution
C56: 0,5L | E56: 2L | G56: 3L | I56: 6L | K56: 12L | M56: 25L | O56: 50L
C57: 0 | E57: 0 | G57: 0 | I57: 0 | K57: 0 | M57: 0 | O57: 0
C61: Resultat
C62: Total Plastic Weight: | F62: ='Total reduction visuals'!N18 -> 1 | I62: Total Financial Cost: | L62: ='Total reduction visuals'!N19 -> 1
C67: Att byta ut 6g-handskar till 4g bidrar till minskningar i plastanvändningen.
C72: Substitution
E75: Andel av handskar som kan bytas ut till 4g
E77: 0
C81: Resultat
C82: Total Plastic Weight: | F82: ='Total reduction visuals'!N25 -> 1 | I82: Total Financial Cost: | L82: ='Total reduction visuals'!N26 -> 1
C87: Genom att vara mer sparsam i användandet av handskar minskar plastanvändningen och de direkt kopplade kostnaderna.
C92: Reduse
E96: Andel av handskar som kan reduseras genom hantering
E98: 0
C102: Resultat
C103: Total Plastic Weight: | F103: ='Total reduction visuals'!N30 -> 1 | I103: Total Financial Cost: | L103: ='Total reduction visuals'!N31 -> 1

Sheet Backend --> 

Sheet Optimization of waste bins
A1: Plastics challenge calculator
L2: Results:
B3: How much do you want to optimize? | C3: %
B5: 2L to 12L | C5: ='Workshop Uppsala'!D17 -> 0
B7: 3L to 12L | C7: ='Workshop Uppsala'!H17 -> 0
B9: 25L to 50L | C9: ='Workshop Uppsala'!L17 -> 0
B16: Enter current amounts | C16: units | D16: New Amounts
B17: Clinical waste bins, 50L: | C17: 54395 | D17: ='Cost-savings optimization'!C38 -> 54395
B19: Clinical waste bins, 25L: | C19: ='Adoption and reduction'!V23 -> 3610 | D19: ='Cost-savings optimization'!C39 -> 3610
B21: Clinical waste bins 12L: | C21: ='Adoption and reduction'!V24 -> 0 | D21: ='Cost-savings optimization'!C40 -> 0
B23: Clinical waste bins 3L: | C23: ='Adoption and reduction'!V26 -> 797 | D23: ='Cost-savings optimization'!C41 -> 797
B25: Clinical waste bins 2L: | C25: ='Adoption and reduction'!V27 -> 1567 | D25: ='Cost-savings optimization'!C42 -> 1567

Sheet Adoption and reduction
A1: Plastics challenge calculator
M2: Results:
B3: Enter your actions below: | C3: %
B4: Clinical waste bins, 50L: | C4: ='Workshop Uppsala'!O57 -> 0 | D4: Woodsafe adoption
B6: Clinical waste bins, 25L: | C6: ='Workshop Uppsala'!M57 -> 0 | D6: Woodsafe adoption
B8: Clinical waste bins 12L: | C8: ='Workshop Uppsala'!K57 -> 0 | D8: Woodsafe adoption
B10: Clinical waste bins 6L: | C10: ='Workshop Uppsala'!I57 -> 0 | D10: Woodsafe adoption
B12: Clinical waste bins 3L: | C12: ='Workshop Uppsala'!G57 -> 0 | D12: Woodsafe adoption
B14: Clinical waste bins 2L: | C14: ='Workshop Uppsala'!E57 -> 0 | D14: Woodsafe adoption
B16: Clinical waste bins 0,5L: | C16: ='Workshop Uppsala'!C57 -> 0 | D16: Woodsafe adoption
B19: Reducing riskwaste by sorting correctly: | C19: ='Workshop Uppsala'!E38 -> 0 | D19: Strategic sorting
V21: UPPSALA
E22: Total reduction of plastic: | U22: 50 | V22: =1920+52475 -> 54395
B23: Enter current amounts | C23: units | U23: 25 | V23: =1260+1017+1333 -> 3610
B24: Clinical waste bins, 50L: | C24: ='Optimization of waste bins'!D17 -> 54395 | U24: 12 | V24: 0
U25: 6 | V25: 67
B26: Clinical waste bins, 25L: | C26: ='Optimization of waste bins'!D19 -> 3610 | U26: 3 | V26: =697+100 -> 797
U27: 2 | V27: =1567 -> 1567
B28: Clinical waste bins 12L: | C28: ='Optimization of waste bins'!D21 -> 0 | U28: 0.5 | V28: 0
B30: Clinical waste bins 6L: | C30: 67
B32: Clinical waste bins 3L: | C32: ='Optimization of waste bins'!D23 -> 797
F33: ='Plastic reduction '!C37 -> 0
B34: Clinical waste bins 2L: | C34: ='Optimization of waste bins'!D25 -> 1567
B36: Clinical waste bins 0,5L: | C36: 0

Sheet Gloves
C4: Gloves
C6: Change 100% from 6g to 4g | D6: if 100% change | H6: Chosen amount of change: | I6: ='Workshop Uppsala'!E77 -> 0
C7: Plastic reduction | D7: =1-4/6 -> 0.33333333 | H7: Plastic reduction | I7: =D7*I6 -> 0
C8: Cost increase | D8: 0.05 | E8: Assuming they cost 5% more | H8: Cost increase | I8: =D8*I6 -> 0
C10: Reduse with | D10: ='Workshop Uppsala'!E98 -> 0
C11: Plastic reduction | D11: =D10 -> 0
C12: Cost reduction | D12: =D10 -> 0

Sheet CO2
C4: se en förhållandevis reduction av CO2 ekviv. | I4: Plast handskar minskar med [%] | J4: Plast kärl minskar med [%] | K4: Plast övrigt minskar med [%}
C5: Antaget kg CO2 i förhållande till kg plast | I5: =('Total reduction visuals'!N18-'Total reduction visuals'!N30)/'Total reduction visuals'!D7 -> 0 | J5: =(1-'Total reduction visuals'!N18)/'Total reduction visuals'!D6 -> 0 | K5: 0
C6: Clinical waste bins | D6: 6 | I6: =I5*E13 -> 0 | J6: =J5*E14 -> 0 | K6: =F15*K5 -> 0
C7: Gloves | D7: 8 | H7: ef
C8: Pipettes | D8: 7
C9: Tubes | D9: 7
C10: Cell culture | D10: 7
C13: Andel handskar | D13: ='Total reduction visuals'!D7 -> 0.26 | E13: =100*D13 -> 26
C14: Andel kärl | D14: ='Total reduction visuals'!D6 -> 0.31 | E14: =100*D14 -> 31
C15: Resten | D15: =E15-D13-D14 -> 0.43 | E15: 1 | F15: 43
C16: Innan minskning: | D16: =F15*D10+E14*D6+E13*D7 -> 695
E17: i procent
C18: CO2 minskning | D18: =I6*D7+J6*D6+K6*D8 -> 0 | E18: =D18/D16 -> 0
C19: Andel kvar | E19: =1-E18 -> 1

Sheet Total reduction visuals
R3: Difference total share waste bins
R4: Step 1 | V4: Step 2 | Y4: Step 3
D5: Plastic | E5: Cost | R5: Plastic | S5: =(1-K8)*D6 -> 0.31 | T5: =D6-S5 -> 0 | U5: =1-T5 -> 1 | V5: =S5*(1-K13) -> 0.31 | W5: =D6-V5 -> 0 | X5: =1-W5 -> 1 | Y5: =V5*(1-K18) -> 0.31 | Z5: =D6-Y5 -> 0 | AA5: =1-Z5 -> 1
C6: Clinical waste bins | D6: 0.31 | E6: 0.07 | J6: Step1 | R6: Cost | S6: =(1-K9)*E6 -> 0.07 | T6: =E6-S6 -> 0 | U6: =1-T6 -> 1 | V6: =S6*(1-K14) -> 0.07 | W6: =E6-V6 -> 0 | X6: =1-W6 -> 1 | Y6: =V6*(1+K19) -> 0.07 | Z6: =Y6-E6 -> 0 | AA6: =1+Z6 -> 1
C7: Gloves | D7: 0.26 | E7: 0.19 | J7: Difference for waste bins | M7: For all plastic:
C8: Pipette tips | D8: 0.2 | E8: 0.3 | J8: Plastic: | K8: =Optimization!E11 -> 0 | M8: Plastic: | N8: =(100%-K8*D6) -> 1
C9: Tubes | D9: 0.12 | E9: 0.24 | J9: Costs decrease: | K9: =Optimization!E12 -> 0 | M9: Cost: | N9: =(100%-K9*E6) -> 1
C10: Cell culture consumables | D10: 0.11 | E10: 0.21
J11: Step 2
J12: Difference for waste bins | M12: For all plastic:
J13: Plastic: | K13: ='Plastic reduction '!M7 -> 0 | M13: Plastic: | N13: =X5 -> 1 | R13: Difference total share gloves
J14: Cost decrease: | K14: =-'Cost difference'!C39 -> 0 | M14: Cost: | N14: =X6 -> 1 | R14: Step 1 | V14: Step 2
R15: Plastic | S15: =D7-T15 -> 0.26 | T15: =K25*D7 -> 0 | U15: =AA5-T15 -> 1 | V15: =S15*(1-K30) -> 0.26 | W15: =D7-V15 -> 0 | X15: =S15-V15 -> 0 | Y15: =U15-X15 -> 1
J16: Step 3 | R16: Cost | S16: =E7+T16 -> 0.19 | T16: =K26*E7 -> 0 | U16: =AA6+T16 -> 1 | V16: =S16*(1-K31) -> 0.19 | W16: =E7-V16 -> 0 | X16: =S16-V16 -> 0 | Y16: =U16-X16 -> 1
J17: Difference for waste bins | M17: For all plastic:
J18: Plastic: | K18: ='Plastic reduction '!M9 -> 0 | M18: Plastic: | N18: =AA5 -> 1
J19: Cost increase: | K19: ='Cost difference'!C40 -> 0 | M19: Cost: | N19: =AA6 -> 1
J22: Gloves
J23: Step 1 | R23: =N18 -> 1 | S23: =N25 -> 1 | T23: =N30 -> 1
J24: Difference for gloves | M24: For all plastic:
J25: Plastic: | K25: =Gloves!I7 -> 0 | M25: Plastic: | N25: =U15 -> 1 | S25: =T23/R23 -> 1
J26: Cost increase: | K26: =Gloves!I8 -> 0 | M26: Cost: | N26: =U16 -> 1 | S26: =1-S25 -> 0
S27: =S26*R23 -> 0
J28: Step 2
J29: Difference for gloves | M29: For all plastic:
J30: Plastic: | K30: =Gloves!D11 -> 0 | M30: Plastic: | N30: =Y15 -> 1
J31: Cost decrease: | K31: =Gloves!D12 -> 0 | M31: Cost: | N31: =Y16 -> 1
C36: Difference after steps | D36: Pre | E36: Post
C37: Total Plastics | D37: 1 | E37: =N30 -> 1
C38: Total Costs | D38: 1 | E38: =N31 -> 1
C39: Total CO2 | D39: 1 | E39: ='CO2'!E19 -> 1

Sheet Plastic reduction 
A1: Plastic reduction
L2: * assumed weight from UU-study
C3: 50L | D3: 25L | E3: 12L | F3: 6L | G3: 3L | H3: 2L | I3: 0,5L | J3: Total
B4: Amount | C4: ='Adoption and reduction'!C24 -> 54395 | D4: ='Adoption and reduction'!C26 -> 3610 | E4: ='Adoption and reduction'!C28 -> 0 | F4: ='Adoption and reduction'!C30 -> 67 | G4: ='Adoption and reduction'!C32 -> 797 | H4: ='Adoption and reduction'!C34 -> 1567 | I4: ='Adoption and reduction'!C36 -> 0 | L4: Parameters
B5: Weight [kg]* | C5: 2.055 | D5: 1.325 | E5: 0.785 | F5: 0.495 | G5: 0.265 | H5: 0.22 | I5: 0.091 | L5: WoodSafe reduces amount of plastic with: | M5: 0.8
B6: kg plastic tot | C6: =C4*C5 -> 111781.73 | D6: =D4*D5 -> 4783.25 | E6: =E4*E5 -> 0 | F6: =F4*F5 -> 33.165 | G6: =G4*G5 -> 211.205 | H6: =H4*H5 -> 344.74 | I6: =I4*I5 -> 0 | J6: =SUM(C6:I6) -> 117154.09
B7: After reducing waste in waste bins | L7: Percentage reduction from reducing | M7: =(1-J8/J6) -> 0
B8: kg plastic tot | C8: =C6*(1-'Adoption and reduction'!$C$19) -> 111781.73 | D8: =D6*(1-'Adoption and reduction'!$C$19) -> 4783.25 | E8: =E6*(1-'Adoption and reduction'!$C$19) -> 0 | F8: =F6*(1-'Adoption and reduction'!$C$19) -> 33.165 | G8: =G6*(1-'Adoption and reduction'!$C$19) -> 211.205 | H8: =H6*(1-'Adoption and reduction'!$C$19) -> 344.74 | I8: =I6*(1-'Adoption and reduction'!$C$19) -> 0 | J8: =SUM(C8:I8) -> 117154.09
B9: After WoodSafe adoption | L9: Percentage reduction from adoption | M9: =(1-J10/J8) -> 0
B10: kg plastic tot | C10: =C8*(1-'Adoption and reduction'!$C4)+'Adoption and reduction'!$C4*(1-$M$5)*C8 -> 111781.73 | D10: =D8*(1-'Adoption and reduction'!$C6)+'Adoption and reduction'!$C6*(1-$M$5)*D8 -> 4783.25 | E10: =E8*(1-'Adoption and reduction'!$C8)+'Adoption and reduction'!$C8*(1-$M$5)*E8 -> 0 | F10: =F8*(1-'Adoption and reduction'!C10)+'Adoption and reduction'!C10*(1-'Plastic reduction '!M5)*'Plastic reduction '!F8 -> 33.165 | G10: =G8*(1-'Adoption and reduction'!C12)+'Adoption and reduction'!C12*(1-'Plastic reduction '!M5)*'Plastic reduction '!G8 -> 211.205 | H10: =H8*(1-'Adoption and reduction'!$C14)+'Adoption and reduction'!$C14*(1-$M$5)*H8 -> 344.74 | I10: =I8*(1-'Adoption and reduction'!C16)+'Adoption and reduction'!C16*(1-'Plastic reduction '!M5)*'Plastic reduction '!I8 -> 0 | J10: =SUM(C10:I10) -> 117154.09
B12: Remaining plastic: | C12: =J10/J6 -> 1
B13: Reduction: | C13: =1-C12 -> 0
B16: For graphical visualisation
B17: Reduction of plastic in kg
B18: Size | C18: pre | D18: post
B19: 50L | C19: =C6 -> 111781.73 | D19: =C10 -> 111781.73
B20: 25L | C20: =D6 -> 4783.25 | D20: =D10 -> 4783.25
B21: 12L | C21: =E6 -> 0 | D21: =E10 -> 0
B22: 6L | C22: =F6 -> 33.165 | D22: =F10 -> 33.165
B23: 3L | C23: =G6 -> 211.205 | D23: =G10 -> 211.205
B24: 2L | C24: =H6 -> 344.74 | D24: =H10 -> 344.74
B25: 0,5L | C25: =I6 -> 0 | D25: =I10 -> 0
B26: TOTAL | C26: =J6 -> 117154.09 | D26: =J10 -> 117154.09
B28: Reduction in percent
B29: Size | C29: Reduction
B30: 50L | C30: =1-D19/C19 -> 0
B31: 25L | C31: =1-D20/C20 -> 0
B32: 12L | C32: =1-D21/C21 -> #DIV/0!
B33: 6L | C33: =1-D22/C22 -> 0
B34: 3L | C34: =1-D23/C23 -> 0
B35: 2L | C35: =1-D24/C24 -> 0
B36: 0,5L | C36: =1-D25/C25 -> #DIV/0!
B37: TOTAL | C37: =1-D26/C26 -> 0

Sheet Cost difference
A1: Cost difference
B2: 50L | C2: Reduse total units | D2: Substitute to WoodSafe | E2: Total cost difference | J2: Parameters
B3: Targets | C3: ='Adoption and reduction'!C19 -> 0 | D3: ='Adoption and reduction'!C4 -> 0 | J3: Assuming WoodSafe to be 1,5x as expensive than baseline bins | O3: 1.5
B4: Cost difference in percent | C4: =-C3 -> 0 | D4: =(1-C3)*D3*(O3-1) -> 0 | E4: =SUM(C4:D4) -> 0 | J4: Times more expensive with wastemanagement för hazardous waste than non-hazardous waste: | R4: 4
B5: 25L | C5: Reduse total units | D5: Substitute to WoodSafe | E5: Total cost difference
B6: Targets | C6: ='Adoption and reduction'!C19 -> 0 | D6: ='Adoption and reduction'!C6 -> 0
B7: Cost difference in percent | C7: =-C6 -> 0 | D7: =(1-C6)*D6*(O3-1) -> 0 | E7: =SUM(C7:D7) -> 0
B8: 12L | C8: Reduse total units | D8: Substitute to WoodSafe | E8: Total cost difference
B9: Targets | C9: ='Adoption and reduction'!C19 -> 0 | D9: ='Adoption and reduction'!C8 -> 0 | K9: WoodSafe price approx. [SEK] | L9: Ratio prices | M9: Unit, clinical waste bins | N9: Unit ratio | O9: Cost | P9: Cost ratio
B10: Cost difference in percent | C10: =-C9 -> 0 | D10: =(1-C9)*D9*(O3-1) -> 0 | E10: =SUM(C10:D10) -> 0 | J10: 50L | K10: 156.9 | L10: =K10/SUM($K$10:$K$16) -> 0.34922543 | M10: ='Adoption and reduction'!C24 -> 54395 | N10: =M10/$M$17 -> 0.90004302 | O10: =K10*M10 -> 8534575.5 | P10: =O10/$O$17 -> 0.9531444
B11: 6L | C11: Reduse total units | D11: Substitute to WoodSafe | E11: Total cost difference | J11: 25L | K11: 98.5 | L11: =K11/SUM($K$10:$K$16) -> 0.21923967 | M11: ='Adoption and reduction'!C26 -> 3610 | N11: =M11/$M$17 -> 0.05973261 | O11: =K11*M11 -> 355585 | P11: =O11/$O$17 -> 0.039711858
B12: Targets | C12: ='Adoption and reduction'!C19 -> 0 | D12: ='Adoption and reduction'!C10 -> 0 | J12: 12L | K12: 71.5 | L12: =K12/SUM($K$10:$K$16) -> 0.15914352 | M12: ='Adoption and reduction'!C28 -> 0 | N12: =M12/$M$17 -> 0 | O12: =K12*M12 -> 0 | P12: =O12/$O$17 -> 0
B13: Cost difference in percent | C13: =-C12 -> 0 | D13: =(1-C12)*D12*(O3-1) -> 0 | E13: =SUM(C13:D13) -> 0 | J13: 6L | K13: 53.16 | L13: =K13/SUM($K$10:$K$16) -> 0.11832265 | M13: ='Adoption and reduction'!C30 -> 67 | N13: =M13/$M$17 -> 0.0011086108 | O13: =K13*M13 -> 3561.72 | P13: =O13/$O$17 -> 0.00039777415
B14: 3L | C14: Reduse total units | D14: Substitute to WoodSafe | E14: Total cost difference | J14: 3L | K14: 28.17 | L14: =K14/SUM($K$10:$K$16) -> 0.062700321 | M14: ='Adoption and reduction'!C32 -> 797 | N14: =M14/$M$17 -> 0.013187504 | O14: =K14*M14 -> 22451.49 | P14: =O14/$O$17 -> 0.0025073903
B15: Targets | C15: ='Adoption and reduction'!C19 -> 0 | D15: ='Adoption and reduction'!C12 -> 0 | J15: 2L | K15: 24.22 | L15: =K15/SUM($K$10:$K$15) -> 0.056006475 | M15: ='Adoption and reduction'!C34 -> 1567 | N15: =M15/$M$17 -> 0.025928255 | O15: =K15*M15 -> 37952.74 | P15: =O15/$O$17 -> 0.0042385754
B16: Cost difference in percent | C16: =-C15 -> 0 | D16: =(1-C15)*D15*(O3-1) -> 0 | E16: =SUM(C16:D16) -> 0 | J16: 0,5L | K16: 16.83 | L16: =K16/SUM($K$10:$K$15) -> 0.038917794 | M16: ='Adoption and reduction'!C36 -> 0 | N16: =M16/$M$17 -> 0 | O16: =K16*M16 -> 0 | P16: =O16/$O$17 -> 0
B17: 2L | C17: Reduse total units | D17: Substitute to WoodSafe | E17: Total cost difference | J17: Total | L17: =SUM(L10:L16) -> 1.0035559 | M17: =SUM(M10:M16) -> 60436 | O17: =SUM(O10:O16) -> 8954126.5
B18: Targets | C18: ='Adoption and reduction'!C19 -> 0 | D18: ='Adoption and reduction'!C14 -> 0
B19: Cost difference in percent | C19: =-C18 -> 0 | D19: =(1-C18)*D18*(O3-1) -> 0 | E19: =SUM(C19:D19) -> 0
B20: 0,5L | C20: Reduse total units | D20: Substitute to WoodSafe | E20: Total cost difference
B21: Targets | C21: ='Adoption and reduction'!C19 -> 0 | D21: ='Adoption and reduction'!C16 -> 0
B22: Cost difference in percent | C22: =-C21 -> 0 | D22: =(1-C21)*D21*(O3-1) -> 0 | E22: =SUM(C22:D22) -> 0
B25: Graphical visualisation
B26: 50L | C26: =E4 -> 0
B27: 25L | C27: =E7 -> 0
B28: 12L | C28: =E10 -> 0
B29: 6L | C29: =E13 -> 0
B30: 3L | C30: =E16 -> 0
B31: 2L | C31: =E19 -> 0
B32: 0,5L | C32: =E22 -> 0
B33: TOTAL | C33: =C35 -> 0
B35: Total Cost Difference: | C35: =E4*P10+E7*P11+E10*P12+E13*P13+E16*P14+E19*P15+E22*P16 -> 0
B39: Cost difference from reduction: | C39: =C4*P10+C7*P11+C10*P12+P13*C13+C16*P14+P15*C19+C22*P16 -> 0
B40: Cost difference from adoption: | C40: =D4*P10+P11*D7+D10*P12+P13*D13+D16*P14+P15*D19+D22*P16 -> 0

Sheet Cost-savings optimization
A1: Possible optimization of waste bin sizes
B3: Alternative
B4: 1. 2L till 12L | N4: 2 25L = 1 50L
B5: 2. 3L till 12L | N5: 6 2L = 1 12L
B6: 3. 25L till 50L | N6: 4 3L = 1 12L
B9: Ratios WoodSafe
B10: Volume [L] | C10: Plastic [kg] | D10: Price approx. [SEK] | E10: Ratio plastic/volume | F10: Price per litre
B11: 50 | C11: ='Plastic reduction '!C5 -> 2.055 | D11: ='Cost difference'!K10 -> 156.9 | E11: =C11/B11 -> 0.0411 | F11: =D11/B11 -> 3.138
B12: 25 | C12: ='Plastic reduction '!D5 -> 1.325 | D12: ='Cost difference'!K11 -> 98.5 | E12: =C12/B12 -> 0.053 | F12: =D12/B12 -> 3.94
B13: 12 | C13: ='Plastic reduction '!E5 -> 0.785 | D13: ='Cost difference'!K12 -> 71.5 | E13: =C13/B13 -> 0.065416667 | F13: =D13/B13 -> 5.9583333
B14: 6 | C14: ='Plastic reduction '!F5 -> 0.495 | D14: ='Cost difference'!K13 -> 53.16 | E14: =C14/B14 -> 0.0825 | F14: =D14/B14 -> 8.86
B15: 3 | C15: ='Plastic reduction '!G5 -> 0.265 | D15: ='Cost difference'!K14 -> 28.17 | E15: =C15/B15 -> 0.088333333 | F15: =D15/B15 -> 9.39
B16: 2 | C16: ='Plastic reduction '!H5 -> 0.22 | D16: ='Cost difference'!K15 -> 24.22 | E16: =C16/B16 -> 0.11 | F16: =D16/B16 -> 12.11
B17: 0.5 | C17: ='Plastic reduction '!I5 -> 0.091 | D17: ='Cost difference'!K16 -> 16.83 | E17: =C17/B17 -> 0.182 | F17: =D17/B17 -> 33.66
B20: Current amounts | D20: Cost | E20: Savings per litre | F20: SEK
B21: 50L | C21: ='Optimization of waste bins'!C17 -> 54395 | D21: =C21*D11 -> 8534575.5 | E21: 2L to 12L | F21: =F16-F13 -> 6.1516667
B22: 25L | C22: ='Optimization of waste bins'!C19 -> 3610 | D22: =C22*D12 -> 355585 | E22: 3L to 12L | F22: =F15-F13 -> 3.4316667
B23: 12L | C23: ='Optimization of waste bins'!C21 -> 0 | D23: =C23*D13 -> 0 | E23: 25L to 50L | F23: =F12-F11 -> 0.802
B24: 3L | C24: ='Optimization of waste bins'!C23 -> 797 | D24: =C24*D15 -> 22451.49
B25: 2L | C25: ='Optimization of waste bins'!C25 -> 1567 | D25: =C25*D16 -> 37952.74
B26: Total | D26: =SUM(D21:D25) -> 8950564.7
B32: How much do you want to optimize?
B33: 2L to 12L | C33: ='Optimization of waste bins'!C5 -> 0
B34: 3L to 12L | C34: ='Optimization of waste bins'!C7 -> 0
B35: 25L to 50L | C35: ='Optimization of waste bins'!C9 -> 0
B37: New amounts: | D37: Reduced: | E37: Savings:
B38: 50L | C38: =C21+D39/2 -> 54395
B39: 25L | C39: =(1-C35)*C22 -> 3610 | D39: =C22-C39 -> 0 | E39: =D39*F23*25 -> 0 | G39: Total savings:
B40: 12L | C40: =C23+D42/6+D41/4 -> 0 | H40: =E39+E42+E41 -> 0
B41: 3L | C41: =(1-C34)*C24 -> 797 | D41: =C24-C41 -> 0 | E41: =D41*F22*3 -> 0 | G41: in percent: | H41: =H40/D26 -> 0
B42: 2L | C42: =(1-C33)*C25 -> 1567 | D42: =C25-C42 -> 0 | E42: =D42*F21*2 -> 0

Sheet Spend vs. activity based visual
C2: [%]
C3: Size | D3: Plastic reduction | E3: Cost increase
C4: 50L | D4: ='Plastic reduction '!C30 -> 0 | E4: =IF(ISERROR(D4),0,ABS('Cost difference'!C26)) -> 0
C5: 25L | D5: ='Plastic reduction '!C31 -> 0 | E5: =IF(ISERROR(D5),0,ABS('Cost difference'!C27)) -> 0
C6: 12L | D6: ='Plastic reduction '!C32 -> #DIV/0! | E6: =IF(ISERROR(D6),0,ABS('Cost difference'!C28)) -> 0
C7: 6L | D7: ='Plastic reduction '!C33 -> 0 | E7: =IF(ISERROR(D7),0,ABS('Cost difference'!C29)) -> 0
C8: 3L | D8: ='Plastic reduction '!C34 -> 0 | E8: =IF(ISERROR(D8),0,ABS('Cost difference'!C30)) -> 0
C9: 2L | D9: ='Plastic reduction '!C35 -> 0 | E9: =IF(ISERROR(D9),0,ABS('Cost difference'!C31)) -> 0
C10: 0,5L | D10: ='Plastic reduction '!C36 -> #DIV/0! | E10: =IF(ISERROR(D10),0,ABS('Cost difference'!C32)) -> 0
C11: TOTAL | D11: ='Plastic reduction '!C37 -> 0 | E11: =IF(ISERROR(D11),0,ABS('Cost difference'!C33)) -> 0

Sheet Plastic-savings optimization
A1: Possible optimization of waste bin sizes
A2: before woodsafe adoption and reduction of waste bins
B3: Alternative | D3: Weights
B4: 1. 2L till 12L | D4: 50L | E4: ='Plastic reduction '!C5 -> 2.055 | N4: 2 25L = 1 50L
B5: 2. 3L till 12L | D5: 25L | E5: ='Plastic reduction '!D5 -> 1.325 | N5: 6 2L = 1 12L
B6: 3. 25L till 50L | D6: 12L | E6: ='Plastic reduction '!E5 -> 0.785 | N6: 4 3L = 1 12L
D7: 3L | E7: ='Plastic reduction '!G5 -> 0.265
D8: 2L | E8: ='Plastic reduction '!H5 -> 0.22
G9: Plastic per litre | J9: Plastic savings per litre
G10: Volume | H10: Plastic per litre | J10: 2L to 12L | K10: =H15-H13 -> 0.067083333
G11: 50 | H11: =E4/G11 -> 0.0411 | J11: 3L to 12L | K11: =H14-H13 -> 0.022916667
G12: 25 | H12: =E5/G12 -> 0.053 | J12: 25L to 50L | K12: =H12-H11 -> 0.0119
G13: 12 | H13: =E6/G13 -> 0.065416667
G14: 3 | H14: =E7/G14 -> 0.088333333
B15: Current: | C15: Amounts | D15: Total plastic weight | G15: 2 | H15: =E7/G15 -> 0.1325
B16: 50L | C16: ='Cost-savings optimization'!C21 -> 54395 | D16: =C16*E4 -> 111781.73
B17: 25L | C17: ='Cost-savings optimization'!C22 -> 3610 | D17: =C17*E5 -> 4783.25
B18: 12L | C18: ='Cost-savings optimization'!C23 -> 0 | D18: =C18*E6 -> 0
B19: 3L | C19: ='Cost-savings optimization'!C24 -> 797 | D19: =C19*E7 -> 211.205
B20: 2L | C20: ='Cost-savings optimization'!C25 -> 1567 | D20: =C20*E7 -> 415.255
B21: Total | D21: =SUM(D16:D20) -> 117191.44
B24: How much do you want to optimize?
B25: 2L to 12L | C25: ='Cost-savings optimization'!C33 -> 0
B26: 3L to 12L | C26: ='Cost-savings optimization'!C34 -> 0
B27: 25L to 50L | C27: ='Cost-savings optimization'!C35 -> 0
B29: New Amounts | D29: Reduced | E29: Savings
B30: 50L | C30: =C16+D31/2 -> 54395 | H30: Total plastic savings:
B31: 25L | C31: =(1-C27)*C17 -> 3610 | D31: =C17-C31 -> 0 | E31: =D31*K12*25 -> 0 | H31: =SUM(E30:E34) -> 0
B32: 12L | C32: =C18+D34/6+D33/4 -> 0 | H32: In percent:
B33: 3L | C33: =(1-C26)*C19 -> 797 | D33: =C19-C33 -> 0 | E33: =D33*K11*3 -> 0 | H33: =H31/D21 -> 0
B34: 2L | C34: =(1-C25)*C20 -> 1567 | D34: =C20-C34 -> 0 | E34: =D34*K10*2 -> 0

Sheet Optimization
D11: Plastic savings | E11: ='Plastic-savings optimization'!H33 -> 0
D12: Cost savings | E12: ='Cost-savings optimization'!H41 -> 0

Sheet Testing if it's offline
C3: s
